

SET SQL_MODE = "NO_AUTO_VALUE_ON_ZERO";
SET AUTOCOMMIT = 0;
START TRANSACTION;
SET time_zone = "+00:00";


/*!40101 SET @OLD_CHARACTER_SET_CLIENT=@@CHARACTER_SET_CLIENT */;
/*!40101 SET @OLD_CHARACTER_SET_RESULTS=@@CHARACTER_SET_RESULTS */;
/*!40101 SET @OLD_COLLATION_CONNECTION=@@COLLATION_CONNECTION */;
/*!40101 SET NAMES utf8mb4 */;

--
-- Database: `foodorder`
--

-- --------------------------------------------------------

--
-- Table structure for table `contact`
--

CREATE TABLE `contact` (
  `Name` varchar(250) NOT NULL,
  `Email` varchar(250) NOT NULL,
  `Mobile` varchar(250) NOT NULL,
  `Subject` varchar(250) NOT NULL,
  `Message` varchar(250) NOT NULL
) ENGINE=InnoDB DEFAULT CHARSET=latin1;

--
-- Dumping data for table `contact`
--

INSERT INTO `contact` (`Name`, `Email`, `Mobile`, `Subject`, `Message`) VALUES
('CHANDAN KUMAR', 'ckj40856@gmail.com', '9487810674', 'sa', ''),
('CHANDAN KUMAR', 'ckj40856@gmail.com', '9487810674', 'sa', ''),
('BIRJU KUMAR', 'ckj40856@gmail.com', '8903079750', 'asd', 'asdasdasd'),
('CHANDAN KUMAR', 'ckj40856@gmail.com', '9487810674', 'asd', 'hfgdsfsx');

-- --------------------------------------------------------

--
-- Table structure for table `customer`
--

CREATE TABLE `customer` (
  `username` varchar(30) NOT NULL,
  `fullname` varchar(30) NOT NULL,
  `email` varchar(30) NOT NULL,
  `contact` varchar(30) NOT NULL,
  `address` varchar(50) NOT NULL,
  `password` varchar(30) NOT NULL
) ENGINE=InnoDB DEFAULT CHARSET=utf8;

--
-- Dumping data for table `customer`
--

INSERT INTO `customer` (`username`, `fullname`, `email`, `contact`, `address`, `password`) VALUES
('birju', 'BIRJU KUMAR', 'bkm123r@gmail.com', '8903079750', 'Pondicherry University, SRK HOSTEL ROOM NUMBER-59,', 'Birju123@'),
('ckumar', 'CHANDAN KUMAR', 'ckj40856@gmail.com', '9487810674', 'Pondicherry University, SRK HOSTEL ROOM NUMBER-59,', 'Ckumar123@'),
('nidha', 'nidha', 'nidha@gmail.com', '998696572', 'Maharashtra', 'suhail'),
('pratheek083', 'Pratheek Shiri', 'pratheek@gmail.com', '8779546521', 'Hyderabad', 'pratheek'),
('rakshithk00', 'Rakshith Kotian', 'rakshith@gmail.com', '9547123658', 'Gujarath', 'rakshith');

-- --------------------------------------------------------

--
-- Table structure for table `food`
--

CREATE TABLE `food` (
  `F_ID` int(30) NOT NULL,
  `name` varchar(30) NOT NULL,
  `price` int(30) NOT NULL,
  `description` varchar(200) NOT NULL,
  `R_ID` int(30) NOT NULL,
  `images_path` varchar(200) NOT NULL,
  `options` varchar(10) NOT NULL DEFAULT 'ENABLE'
) ENGINE=InnoDB DEFAULT CHARSET=utf8;

--
-- Dumping data for table `food`
--

INSERT INTO `food` (`F_ID`, `name`, `price`, `description`, `R_ID`, `images_path`, `options`) VALUES
(58, 'Juicy Masala Paneer Kathi Roll', 40, 'Juicy Masala Paneer Kathi Roll loaded with Masala Paneer chunks, onion & Mayo.', 1, 'images/Masala_Paneer_Kathi_Roll.jpg', 'ENABLE'),
(59, 'Meurig Fish', 60, 'Try Meurig - A whole Pomfret fish grilled with tangy marination & served with grilled onions and tomatoes.', 2, 'images/Meurig.jpg', 'ENABLE'),
(60, 'Chocolate Hazelnut Truffle', 99, 'Lose all senses over this very delicious chocolate hazelnut truffle.', 3, 'images/Chocolate_Hazelnut_Truffle.jpg', 'ENABLE'),
(61, 'Happy Happy Choco Chip Shake', 80, 'Happy Happy Choco Chip Shake - a perfect party sweet treat.', 1, 'images/Happy_Happy_Choco_Chip_Shake.jpg', 'ENABLE'),
(62, 'Spring Rolls', 65, 'Delicious Spring Rolls by Dragon Hut, Delhi. Order now!!!', 2, 'images/Spring_Rolls.jpg', 'ENABLE'),
(63, 'Baahubali Thali', 75, 'Baahubali Thali is accompanied by Kattapa Biriyani, Devasena Paratha, Bhalladeva Patiala Lassi', 3, 'images/Baahubali_Thali.jpg', 'ENABLE'),
(65, 'Coffee', 25, 'concentrated coffee made by forcing pressurized water through finely ground coffee beans.', 4, 'images/coffee.jpg', 'DISABLE'),
(66, 'Tea', 20, 'The simple elixir of tea is of our natural world.', 4, 'images/tea.jpg', 'DISABLE'),
(68, 'Paneer', 85, 'it', 6, 'images/paneer pakora.jpg', 'DISABLE'),
(69, 'Coffee', 25, 'concentrated coffee made by forcing pressurized water through finely ground coffee beans.', 2, 'images/coffee.jpg', 'ENABLE'),
(70, 'Tea', 20, 'The simple elixir of tea is of our natural world.', 2, 'images/tea.jpg', 'ENABLE'),
(71, 'Samosa', 40, 'Cocktail Crispy Samosa..', 2, 'images/samosa.jpg', 'ENABLE'),
(72, 'Paneer Pakora', 45, 'it gives whole new dimension even to the most boring or dull vegetable', 2, 'images/paneer pakora.jpg', 'ENABLE'),
(73, 'Puff', 35, 'Vegetable Puff, a snack with crisp-n-flaky outer layer and mixed vegetables stuffing', 2, 'images/puff.jpg', 'ENABLE'),
(74, 'Pizza', 200, 'Good and Tasty ', 2, 'Pizza.jpg', 'DISABLE'),
(75, 'French Fries', 60, 'Pure Veg and Tasty.', 2, 'frenchfries.jpg', 'DISABLE'),
(76, 'Pakora', 35, 'Pure Vegetable and Tasty.', 2, 'images/Pakora.jpg', 'DISABLE'),
(77, 'Pizza', 200, 'Pure Vegetable and Tasty.', 2, 'images/Pizza.jpg', 'ENABLE'),
(78, 'French Fries', 75, 'Pure Veg and Tasty.', 2, 'images/frenchfries.jpg', 'ENABLE'),
(79, 'Pakora', 45, 'TASTY', 2, 'images/Pakora.jpg', 'ENABLE');

-- --------------------------------------------------------

--
-- Table structure for table `manager`
--

CREATE TABLE `manager` (
  `username` varchar(30) NOT NULL,
  `fullname` varchar(30) NOT NULL,
  `email` varchar(30) NOT NULL,
  `contact` varchar(30) NOT NULL,
  `address` varchar(50) NOT NULL,
  `password` varchar(30) NOT NULL
) ENGINE=InnoDB DEFAULT CHARSET=utf8;

--
-- Dumping data for table `manager`
--

INSERT INTO `manager` (`username`, `fullname`, `email`, `contact`, `address`, `password`) VALUES
('aditi068', 'Aditi Naik', 'aditi@gmail.com', '8654751259', 'Goa', 'aditi'),
('aminnikhil073', 'Nikhil Amin', 'aminnikhil073@gmail.com', '9632587412', 'Karnataka', 'nikhil'),
('ckumar', 'Chandan Kumar', 'ckj40856@gmail.com', '9487810674', 'Pondicherry University, SRK HOSTEL ROOM NUMBER-59,', 'Ckumar123'),
('dhiraj', 'DHIRAJ kUMAR', 'dk123@gmail.com', '8903079750', 'Pondicherry. Le cafe', 'Dhiraj'),
('roshanraj07', 'Roshan Raj', 'roshan@gmail.com', '9541258761', 'Bihar', 'roshan');

-- --------------------------------------------------------

--
-- Table structure for table `orders`
--

CREATE TABLE `orders` (
  `order_ID` int(30) NOT NULL,
  `F_ID` int(30) NOT NULL,
  `foodname` varchar(30) NOT NULL,
  `price` int(30) NOT NULL,
  `quantity` int(30) NOT NULL,
  `order_date` date NOT NULL,
  `username` varchar(30) NOT NULL,
  `R_ID` int(30) NOT NULL
) ENGINE=InnoDB DEFAULT CHARSET=utf8;

--
-- Dumping data for table `orders`
--

INSERT INTO `orders` (`order_ID`, `F_ID`, `foodname`, `price`, `quantity`, `order_date`, `username`, `R_ID`) VALUES
(1, 58, 'Strawberry pastry', 85, 1, '2022-09-30', 'riya', 7),
(2, 59, 'Butter-Scotch-Pastry', 85, 2, '2022-09-30', 'riya', 7),
(3, 60, 'Chocolate Pastry', 99, 2, '2022-10-01', 'riya', 7),
(4, 61, 'Pineapple pastry', 85, 4, '2022-10-02', 'riya', 7),
(5, 62, 'Tal-N-Fancy Cake with Ice-cream', 775, 1, '2022-10-03', 'gauri', 7),
(6, 63, 'Tall-N-Fancy Cakes', 790, 1, '2022-10-03', 'riya', 7),
(7, 65, 'Chocolate-gold Pinata cake', 750, 1, '2022-10-03', 'aarti', 7),
(8, 66, 'Pinata Cakes', 750, 1, '2022-10-03', 'siya', 7),
(9, 68, 'Savouries veg', 20, 3, '2022-10-03', 'gauri', 7),
(10, 69, 'Paneer Savouries', 40, 4, '2022-10-04', 'gauri', 7),
(11, 70, 'Savouries Chicken Tikka Roll', 60, 7, '2022-10-04', 'aarti', 7),
(12, 71, 'Savouries Patties Puff', 35, 6, '2022-10-04', 'aarti', 7),
(13, 72, 'Chocolate Mug Bouquet', 365, 3, '2022-10-04', 'aarti', 7),
(14, 73, 'chocolate waffles', 99, 6, '2022-10-04', 'aarti', 7),
(15, 74, 'Sprinkles Donuts', 99, 8, '2022-10-05', 'aarti', 7),
(16, 75, 'Spinach-and-cheese-rolls', 80, 5, '2022-10-05', 'aarti', 7),
(17, 77, 'CHOCOLATE TRUFFLES', 100, 3, '2022-10-05', 'aarti', 7),
(18, 78, 'Luxury-Ferrero-Chocolate', 150, 2, '2022-10-05', 'riya', 7),
(19, 80, 'chocolate White Dark', 100, 3, '2022-10-05', 'riya', 7),
(20, 81, 'CHOCOLATE MORES', 300, 1, '2022-10-05', 'siya', 7);


-- --------------------------------------------------------

--
-- Table structure for table `bakery`
--

CREATE TABLE `restaurants` (
  `R_ID` int(30) NOT NULL,
  `name` varchar(30) NOT NULL,
  `email` varchar(30) NOT NULL,
  `contact` varchar(30) NOT NULL,
  `address` varchar(50) NOT NULL,
  `M_ID` varchar(30) NOT NULL
) ENGINE=InnoDB DEFAULT CHARSET=utf8;

--
-- Dumping data for table `restaurants`
--

INSERT INTO `restaurants` (`R_ID`, `name`, `email`, `contact`, `address`, `M_ID`) VALUES
---(1, 'Nikhil\'s Restaurant', 'nikhil@restaurant.com', '7998562145', 'Karnataka', 'aminnikhil073'),
--(2, 'Roshan\'s Restaurant', 'roshan@restaurant.com', '9887546821', 'Bihar', 'roshanraj07'),
--(3, 'Aditi\'s Restaurant', 'aditi@restaurant.com', '7778564231', 'Goa', 'aditi068'),
----(4, 'Food Exploria', 'ckj40856@gmail.com', '09487810674', 'C:\\xampp\\htdocs\\FoodExploria-master\\images/coffee.', 'ckumar'),
---(6, 'Le Cafe', 'lecafepondi234@gmail.com', '9443369040', 'Pondicherry,rock beach Near,Le cafe', 'dhiraj');
(7, 'BAKE n' FLAKE', 'avantikaruchika2415@gmail.com', '9920578499', 'Nerul', 'Avantika & Ruchika');
--
-- Indexes for dumped tables
--

--
-- Indexes for table `customer`
--
ALTER TABLE `customer`
  ADD PRIMARY KEY (`username`);

--
-- Indexes for table `food`
--
ALTER TABLE `food`
  ADD PRIMARY KEY (`F_ID`,`R_ID`),
  ADD KEY `R_ID` (`R_ID`);

--
-- Indexes for table `manager`
--
ALTER TABLE `manager`
  ADD PRIMARY KEY (`username`);

--
-- Indexes for table `orders`
--
ALTER TABLE `orders`
  ADD PRIMARY KEY (`order_ID`),
  ADD KEY `F_ID` (`F_ID`),
  ADD KEY `username` (`username`),
  ADD KEY `R_ID` (`R_ID`);

--
-- Indexes for table `restaurants`
--
ALTER TABLE `restaurants`
  ADD PRIMARY KEY (`R_ID`),
  ADD UNIQUE KEY `M_ID_2` (`M_ID`),
  ADD KEY `M_ID` (`M_ID`);

--
-- AUTO_INCREMENT for dumped tables
--

--
-- AUTO_INCREMENT for table `food`
--
ALTER TABLE `food`
  MODIFY `F_ID` int(30) NOT NULL AUTO_INCREMENT, AUTO_INCREMENT=80;

--
-- AUTO_INCREMENT for table `orders`
--
ALTER TABLE `orders`
  MODIFY `order_ID` int(30) NOT NULL AUTO_INCREMENT, AUTO_INCREMENT=69;

--
-- AUTO_INCREMENT for table `restaurants`
--
ALTER TABLE `restaurants`
  MODIFY `R_ID` int(30) NOT NULL AUTO_INCREMENT, AUTO_INCREMENT=7;

--
-- Constraints for dumped tables
--

--
-- Constraints for table `food`
--
ALTER TABLE `food`
  ADD CONSTRAINT `food_ibfk_1` FOREIGN KEY (`R_ID`) REFERENCES `restaurants` (`R_ID`);

--
-- Constraints for table `orders`
--
ALTER TABLE `orders`
  ADD CONSTRAINT `orders_ibfk_1` FOREIGN KEY (`F_ID`) REFERENCES `food` (`F_ID`),
  ADD CONSTRAINT `orders_ibfk_2` FOREIGN KEY (`username`) REFERENCES `customer` (`username`),
  ADD CONSTRAINT `orders_ibfk_3` FOREIGN KEY (`R_ID`) REFERENCES `restaurants` (`R_ID`);

--
-- Constraints for table `restaurants`
--
ALTER TABLE `restaurants`
  ADD CONSTRAINT `restaurants_ibfk_1` FOREIGN KEY (`M_ID`) REFERENCES `manager` (`username`);
COMMIT;

/*!40101 SET CHARACTER_SET_CLIENT=@OLD_CHARACTER_SET_CLIENT */;
/*!40101 SET CHARACTER_SET_RESULTS=@OLD_CHARACTER_SET_RESULTS */;
/*!40101 SET COLLATION_CONNECTION=@OLD_COLLATION_CONNECTION */;
